,page,incidentType,date,dateReported,dateOfIncident,location,otherIncidentType,Incident Details,Description Details
0,/content/ryerson/community-safety-security/security-incidents/list-of-security-incidents/2024/09/security-incident-september-9,Assault,2024-09-09T11:55:00.000-04:00,2024-09-04T16:45:00.000-04:00,2024-09-04T13:30:00.000-04:00,Yonge-Dundas Square building,,"A TMU community member reported to TMU Security that an individual punched them on their head. The community member notified building security and they intervened, and the individual left. No visible injuries were reported. The community member declined assistance from Toronto Police Service.","['The individual was described as male, with a dark complexion and approximately 30 to 40 years old. They were wearing a blue baseball hat, green t-shirt, black cargo pants, black boots and carrying a black duffel bag.']"
1,/content/ryerson/community-safety-security/security-incidents/list-of-security-incidents/2024/09/security-incident-september-4,Sexual Assault: Suspect Arrested,2024-09-04T15:17:00.000-04:00,2024-09-04T03:15:46.417-04:00,2024-09-04T03:15:35.783-04:00,Jarvis Street and Dundas Street East,,A member of the public reported to TMU Security that an individual sexually assaulted them. Toronto Police Service were notified and arrested the individual.,"['The individual was described as male, with a dark complexion, is 29 years old and approximately 168 cm (5â\x80\x996â\x80\x9d). They had long black hair. They were wearing a black hoodie, tan cargo pants and blue sneakers.']"
2,/content/ryerson/community-safety-security/security-incidents/list-of-security-incidents/2024/08/security-incident-august-29-2,Mischief,2024-08-29T12:37:00.000-04:00,2024-08-27T14:00:00.000-04:00,2024-08-27T14:00:00.000-04:00,Victoria Street and Gould Street,,A member of the public reported to TMU Security that an individual approached them and kicked signage the member of the public was displaying and then left. The community member informed security they would notify Toronto Police Service.,"['The individual was described as male, with a medium complexion and approximately 20 to 25 years old. They had medium length black wavy hair. They were wearing a dark green t-shirt, black cargo pants and multi-coloured sneakers.']"
3,/content/ryerson/community-safety-security/security-incidents/list-of-security-incidents/2024/08/security-incident-august-29,Mischief,2024-08-29T12:34:00.000-04:00,2024-08-27T13:15:00.000-04:00,2024-08-27T13:15:00.000-04:00,Victoria Street and Gould Street,,A member of the public reported to TMU Security that an individual approached them and kicked signage the member of the public was displaying and then left. The community member informed security they would notify Toronto Police Service.,"['The individual was described as female, with a light complexion and approximately 20 to 25 years old. They had long blonde hair in a ponytail.']"
4,/content/ryerson/community-safety-security/security-incidents/list-of-security-incidents/2024/08/security-incident-august-26,Assault,2024-08-26T15:40:00.000-04:00,2024-08-21T17:30:00.000-04:00,2024-08-21T17:30:00.000-04:00,Gould Street and Bond Street,,"A TMU community member reported to TMU Security that an individual approached them and threw a non-edged object at them. The object did not hit the TMU community member, and the individual left. Toronto Police Service was notified.Â","['The individual was described as female, with a dark complexion and approximately 163 cm (5â\x80\x994â\x80\x9d). They were wearing a black hoodie, black sweatpants, white sneakers and carrying two white handbags.Â']"
5,/content/ryerson/community-safety-security/security-incidents/list-of-security-incidents/2024/08/security-incident-august-22,Assault,2024-08-22T12:07:00.000-04:00,2024-08-19T09:00:00.000-04:00,2024-08-18T18:00:00.000-04:00,Gould Street and Victoria Street,,"Toronto Police Service informed TMU Security that an individual approached a member of the public, punched them in the face and then left the area.","['The individual was described as male, with a dark complexion, approximately 30 to 40 years old and approximately 183 cm (6â\x80\x99). They were wearing a black hoodie, grey jeans and white sneakers.']"
6,/content/ryerson/community-safety-security/security-incidents/list-of-security-incidents/2024/08/security-incident-august-15,Assault,2024-08-15T15:06:00.000-04:00,2024-08-13T12:45:00.000-04:00,2024-08-13T12:15:00.000-04:00,Victoria Street Lane and Bond Street,,"A member of the public reported to TMU Security that an individual approached them, punched them on the face and then left. No visible injuries were reported. Toronto Police Service was notified.Â","['The individual was described as male, with a medium complexion and approximately 30 to 35 years old. They had short black hair. They were wearing a white sleeveless top, gray sweatpants and riding a blue bicycle.Â']"
7,/content/ryerson/community-safety-security/security-incidents/list-of-security-incidents/2024/08/security-incident-august-7-2,Indecent Act,2024-08-07T16:09:00.000-04:00,2024-08-06T11:00:00.000-04:00,2024-08-06T11:00:00.000-04:00,Victoria Street and Gould Street,,"A TMU community member reported to TMU Security that they witnessed an individual masturbating. Security attended, identified the individual, and barred them from campus.","['The individual was described as male, with a medium complexion and is 33 years old. They had medium-length black hair and a black full beard. They were wearing a black hoodie and a black t-shirt.']"
8,/content/ryerson/community-safety-security/security-incidents/list-of-security-incidents/2024/08/security-incident-august-7,Assault: Suspect Arrested,2024-08-07T13:17:00.000-04:00,2024-07-31T13:45:00.000-04:00,2024-07-31T13:45:00.000-04:00,Gould Street and Victoria Street,,A TMU community member reported to TMU Security that an individual threw water at them. A member of the public also reported that the same individual hit them on the back with a bicycle and spat at them. The member of the public walked away and the individual followed them and started throwing water at passersby. Security attended and arrested the individual. Toronto Police Service was notified and attended.,"['The individual was described as female, with a light complexion, is 51 years old and approximately 152 cm (5â\x80\x99). They had short grey hair. They were wearing a blue sleeveless top and black jeans.Â']"
9,/content/ryerson/community-safety-security/security-incidents/list-of-security-incidents/2024/07/security-incident-july-30-2,Assault: Suspect Arrested,2024-07-30T19:53:00.000-04:00,2024-07-28T00:00:00.000-04:00,2024-07-28T00:00:00.000-04:00,Victoria Street and Dundas Street East,,"A passerby notified TMU Security that an individual needed medical assistance. TMU Security located a member of the public with visible injuries who reported that they were stabbed with an edged object. Security provided medical assistance, and Toronto Paramedic Services and Toronto Police Service were notified and attended. Toronto Police Service later informed security they had arrested the individual.Â","['The individual was described as male, with a dark complexion and approximately 170 cm (5â\x80\x997â\x80\x9d). They had short black hair and a black goatee. They were wearing a tan baseball hat, long sleeved gray t-shirt, tan pants and black running shoes.Â']"
10,/content/ryerson/community-safety-security/security-incidents/list-of-security-incidents/2024/07/security-incident-july-30,Other,2024-07-30T19:50:00.000-04:00,2024-07-26T20:45:00.000-04:00,2024-07-26T17:15:00.000-04:00,Gould Street and Nelson Mandela Walk,Suspicious Behaviour,"A TMU community member reported to TMU Security that an individual approached their child and reached into their stroller for them, making comments. The community member yelled at them and the individual made inappropriate comments towards them. The community member left the area and reported hearing the individual making inappropriate comments towards passersby. The community member informed security they would notify Toronto Police Service, and TMU Security has also contacted Toronto Police Service about the matter.","['The individual was described as male, with a light complexion, is 30 to 35 years old and approximately 178 cm (5â\x80\x9910â\x80\x9d). They had red facial hair. They were wearing a black baseball hat, red bandana, grey t-shirt, red pants and black loafers.Â']"
11,/content/ryerson/community-safety-security/security-incidents/list-of-security-incidents/2024/07/security-incident-july-9,Other,2024-07-09T11:19:00.000-04:00,2024-07-08T09:00:00.000-04:00,2024-07-04T20:00:00.000-04:00,Yonge Street and Dundas Street West,Toronto Police Service News Release,Toronto Police Service has published a news release regarding an assault investigation and are seeking assistance from the community.,['Description div not found.']
12,/content/ryerson/community-safety-security/security-incidents/list-of-security-incidents/2024/07/security-incident-july-8-5,Indecent Act: Suspect Arrested,2024-07-08T14:54:00.000-04:00,2024-07-02T15:15:00.000-04:00,2024-07-02T15:15:00.000-04:00,Kerr Hall Quad,,TMU Security witnessed an individual masturbating and arrested them. Toronto Police Service was notified and attended.,"['The individual was described as male, with a dark complexion, is 25 years old and approximately 183 cm (6â\x80\x99). They had short black hair. They were wearing a black long sleeve t-shirt and grey sweatpants.']"
13,/content/ryerson/community-safety-security/security-incidents/list-of-security-incidents/2024/07/security-incident-july-8-4,Criminal Harassment,2024-07-08T14:51:00.000-04:00,2024-06-30T19:00:00.000-04:00,2024-06-30T19:00:00.000-04:00,Victoria Street and Dundas Street East,,TMU Security witnessed a community member asking for assistance while being chased by an individual and intervened. Security identified the individual and barred them from campus. The community member declined assistance from Toronto Police Service.,"['The individual was described as male, with a dark complexion and is 25 years old. They were wearing a black hoodie and black jeans.']"
14,/content/ryerson/community-safety-security/security-incidents/list-of-security-incidents/2024/07/security-incident-july-8-3,Robbery,2024-07-08T14:49:00.000-04:00,2024-06-30T04:00:00.000-04:00,2024-06-30T01:00:00.000-04:00,Victoria Street and Dundas Street East,,Toronto Police Service informed TMU security that a member of the public was robbed.,"['The individual was described as male, with a light complexion and approximately 27 to 30 years. They had short blonde hair. They were wearing a blue hoodie, camouflage shorts, black running shoes and riding a white bicycle.']"
15,/content/ryerson/community-safety-security/security-incidents/list-of-security-incidents/2024/07/security-incident-july-8-2,Assault,2024-07-08T14:47:00.000-04:00,2024-06-28T22:30:00.000-04:00,2024-06-28T22:30:00.000-04:00,Gould Street and Yonge Street,,"A TMU community member reported to TMU Security that an individual approached them, grabbed and punched them on the arm. The community member fled from the area and was chased by the individual. Security identified the individual and barred them from campus. No visible injuries were reported. Toronto Police Service was notified.","['The individual was described as male, with a light complexion and is 40 years old. They had short hair. They were wearing a blue baseball cap, blue t-shirt and grey sweatpants.']"
16,/content/ryerson/community-safety-security/security-incidents/list-of-security-incidents/2024/07/security-incident-july-8,Criminal Harassment,2024-07-08T14:45:00.000-04:00,2024-06-27T16:00:00.000-04:00,2024-06-27T16:00:00.000-04:00,Gould Street and Victoria Street,,"TMU Security witnessed a member of the public being chased by an individual and intervened. Another member of the public reported to TMU Security that prior to this happening, the individual punched their belongings. Security barred the individual from campus.Â","['The individual was described as male, with a light complexion, approximately 29 to 32 years old and approximately 173 cm (5â\x80\x998â\x80\x9d). They were wearing a black blazer and black jeans.Â']"
17,/content/ryerson/community-safety-security/security-incidents/list-of-security-incidents/2024/06/security-incident-june-27,Assault,2024-06-27T17:54:00.000-04:00,2024-06-20T15:00:00.000-04:00,2024-06-20T15:00:00.000-04:00,Church Street and Gould Street,,TMU Security witnessed an individual throwing a non-edged object at a member of the public while yelling. The member of the public left the area and did not speak with security. The individual noticed security and left campus.,"['The individual was described as male, with a light complexion, approximately 35 to 45 years old and approximately 175 cm (5â\x80\x999â\x80\x9d). They had short gray hair. They were wearing a blue t-shirt and beige shorts.']"
18,/content/ryerson/community-safety-security/security-incidents/list-of-security-incidents/2024/06/security-incident-june-21,Assault,2024-06-21T15:19:00.000-04:00,2024-06-14T21:30:00.000-04:00,2024-06-14T21:30:00.000-04:00,Gould Street and Victoria Street,,"A member of the public reported to TMU Security that an individual approached them, brandished an edged object at them and then walked away. Security attended and barred the individual from campus. The community member declined assistance from Toronto Police Service.","['The individual was described as male, with a light complexion and approximately 20 to 30 years old. They were wearing a grey toque, black hoodie and black jeans.']"
19,/content/ryerson/community-safety-security/security-incidents/list-of-security-incidents/2024/06/security-incident-june-19-2,Indecent Act: Suspect Arrested,2024-06-19T14:53:00.000-04:00,2024-06-17T17:15:00.000-04:00,2024-06-17T17:15:00.000-04:00,Podium building,,A TMU community member reported to TMU Security that they witnessed an individual naked and masturbating. Security attended and arrested the individual. Toronto Police Service was notified and attended.,"['The individual was described as female, with a dark complexion, is 46 years old and approximately 163 cm (5â\x80\x994â\x80\x9d). They had short black hair. They were wearing a beige sweater and dark blue jeans.']"
20,/content/ryerson/community-safety-security/security-incidents/list-of-security-incidents/2024/06/security-incident-june-19,Indecent Act,2024-06-19T14:52:00.000-04:00,2024-06-14T17:00:00.000-04:00,2024-06-14T17:00:00.000-04:00,Kerr Hall Quad,,A member of the public reported to TMU Security that they witnessed an individual masturbating. Security attended and the individual left campus before Security could intervene.,"['The individual was described as male, with a dark complexion, approximately 17 to 19 years old and approximately 175 cm (5â\x80\x999â\x80\x9d). They had short black hair. They were wearing a black hoodie and black jeans.']"
21,/content/ryerson/community-safety-security/security-incidents/list-of-security-incidents/2024/06/security-incident-june-14,Indecent Act,2024-06-14T17:42:00.000-04:00,2024-06-13T13:30:00.000-04:00,2024-06-13T13:30:00.000-04:00,300 Victoria Street Parking Garage,,TMU Security found an individual masturbating and barred them from campus.,"['The individual was described as female, with a dark complexion, is 29 years old and approximately 165 cm (5â\x80\x995â\x80\x9d). They had short black hair. They were wearing a black long sleeve t-shirt, dark green pants and beige sneakers.']"
22,/content/ryerson/community-safety-security/security-incidents/list-of-security-incidents/2024/06/security-incident-june-12,Sexual Assault,2024-06-12T12:14:00.000-04:00,2024-06-07T14:00:00.000-04:00,2024-05-29T15:30:00.000-04:00,Yonge-Dundas Square Building,,A TMU community member reported to TMU Security that an individual approached them and sexually assaulted them. The community member then yelled at the individual and left the area. The community member declined assistance from the Toronto Police Service.,"['The individual was described as male, with a dark complexion and approximately 188 cm (6â\x80\x992â\x80\x9d). They had dark clothing.']"
23,/content/ryerson/community-safety-security/security-incidents/list-of-security-incidents/2024/06/security-incident-june-5,Sexual Assault: Suspect Arrested,2024-06-05T21:22:00.000-04:00,2024-06-04T15:00:00.000-04:00,2024-06-04T15:00:00.000-04:00,Victoria Building,,Toronto Police Service informed TMU Security that an individual sexually assaulted a TMU community guest and was arrested.,"['The individual was described as male, with a dark complexion, is 25 years old and approximately 173 cm (5â\x80\x998â\x80\x9d). They had short black hair. They were wearing a dark blue t-shirt, black sweatpants and black sneakers.']"
24,/content/ryerson/community-safety-security/security-incidents/list-of-security-incidents/2024/06/security-incident-june-3,Assault: Suspect Arrested,2024-06-03T16:03:00.000-04:00,2024-05-30T18:30:00.000-04:00,2024-05-30T18:15:00.000-04:00,Victoria Street and Dundas Street East,,Toronto Police Service informed TMU Security that an individual stabbed a member of the public with an edged object. The member of the public was provided medical assistance by Toronto Paramedic Services. The individual was located off campus and arrested.,"['The individual was described as female, with a light complexion and approximately 168 cm (5â\x80\x996â\x80\x9d). They were wearing a black coat, white top, black pants and carrying two bags.']"
25,/content/ryerson/community-safety-security/security-incidents/list-of-security-incidents/2024/05/security-incident-may-30,Sexual Assault,2024-05-30T20:05:00.000-04:00,2024-05-28T21:15:00.000-04:00,2024-05-28T21:15:00.000-04:00,Gould Street and Victoria Street,,TMU Security witnessed a member of the public pushing an individual and intervened. The member of the public reported that the individual sexually assaulted them. Security identified the individual and barred them from campus. The member of the public declined assistance from Toronto Police Service.,"['The individual was described as male, with a dark complexion, is 31 years old and approximately 173 cm (5â\x80\x998â\x80\x9d). They had short black hair and a black goatee. They were wearing a grey vest, blue t-shirt, multi-coloured sneakers and carrying a satchel.']"
26,/content/ryerson/community-safety-security/security-incidents/list-of-security-incidents/2024/05/security-incident-may-29-4,Assault,2024-05-29T21:17:00.000-04:00,2024-05-28T12:15:00.000-04:00,2024-05-28T12:00:00.000-04:00,Gould Street and Church Street,,A TMU community guest reported to TMU Security that an individual approached them begging for money and the community guest ignored them. The individual then poured a liquid on the community guestâs head. Security attended but the individual was no longer in the area. The community guest declined assistance from Toronto Police Service.,"['The individual was described as female, with a light complexion and approximately 30 to 35 years old. They had black hair in a bun. They were wearing a pink t-shirt.']"
27,/content/ryerson/community-safety-security/security-incidents/list-of-security-incidents/2024/05/security-incident-may-29-3,Assault: Suspect Arrested,2024-05-29T19:29:00.000-04:00,2024-05-28T11:00:00.000-04:00,2024-05-28T11:00:00.000-04:00,Victoria Street and Dundas Street East,,"A TMU community member reported to TMU Security that an individual kicked them on their back causing them to fall and then left the area. The community member complained of pain and Toronto Paramedic Services notified and attended. The individual was located and Toronto Police Service notified, attended and arrested them.","['The individual was described as male, with a dark complexion, is 46 years old and approximately 180 cm (5â\x80\x9911â\x80\x9d). They had short black and a black goatee. They were wearing a white t-shirt, black hoodie, white jeans and brown boots.Â']"
28,/content/ryerson/community-safety-security/security-incidents/list-of-security-incidents/2024/05/security-incident-may-29-2,Sexual Assault,2024-05-29T19:27:00.000-04:00,2024-05-28T15:00:00.000-04:00,2024-05-27T17:45:00.000-04:00,Dundas Street West and Yonge Street,,A TMU community member reported to TMU Security that an individual sexually assaulted them and then left the area. Toronto Police Service were notified and attended.,"['The individual was described as male, with a medium complexion, approximately 26 to 32 years old and approximately 157 cm (5â\x80\x992â\x80\x9d). They had short black hair. They were wearing a multi-coloured t-shirt and beige cargo pants.']"
29,/content/ryerson/community-safety-security/security-incidents/list-of-security-incidents/2024/05/security-incident-may-29,Uttering Threats,2024-05-29T19:25:00.000-04:00,2024-05-27T17:30:00.000-04:00,2024-05-27T17:30:00.000-04:00,Gould Street and Nelson Mandela Walk,,"TMU Security heard an individual threatening a member of the public. Security intervened, identified the individual and escorted them off campus. The member of the public declined assistance from Toronto Police Service.","['The individual was described as male, with a medium complexion, is 33 years old and approximately 168 cm (5â\x80\x996â\x80\x9d). They had black facial hair. They were wearing a black baseball hat, black t-shirt, black sweatpants and carrying a beige bag.']"
30,/content/ryerson/community-safety-security/security-incidents/list-of-security-incidents/2024/05/security-incident-may-28,Assault,2024-05-28T12:49:00.000-04:00,2024-05-22T21:15:00.000-04:00,2024-05-22T20:00:00.000-04:00,Dundas Street East and Yonge Street,,A TMU community member reported to TMU Security that an individual made inappropriate comments towards them and repeatedly splashed them with beer. The community then left the area. The community member declined assistance from Toronto Police Service.,"['The individual was described as male, with a light complexion and approximately 50 to 60 years old. They had short hair. They were wearing a red t-shirt and black shorts.']"
31,/content/ryerson/community-safety-security/security-incidents/list-of-security-incidents/2024/05/security-incident-may-23-4,Assault,2024-05-23T11:29:00.000-04:00,2024-05-21T12:45:00.000-04:00,2024-05-21T12:45:00.000-04:00,Nelson Mandela Walk and Gerrard Street East,,"A TMU community member reported to TMU Security that they witnessed an individual swinging edged objects at three members of the public and soon after leaving the area. One of the members of the public sustained an injury, but declined medical assistance. The members of the public declined assistance from Toronto Police Service.","['The individual was described as male, with a light complexion and approximately 30 to 35 years old. They had short dark brown hair. They were wearing a white baseball hat, grey t-shirt, black jeans and carrying blue and black bags.Â']"
32,/content/ryerson/community-safety-security/security-incidents/list-of-security-incidents/2024/05/security-incident-may-23-3,Other,2024-05-23T11:27:00.000-04:00,2024-05-18T13:30:00.000-04:00,2024-05-18T02:15:00.000-04:00,Yonge Street and Dundas Street East,Toronto Police Service News Release,Toronto Police Service has published a news release regarding an aggravated assault investigation and are seeking assistance from the community.,['Description div not found.']
33,/content/ryerson/community-safety-security/security-incidents/list-of-security-incidents/2024/05/security-incident-may-23-2,Assault,2024-05-23T11:24:00.000-04:00,2024-05-17T21:30:00.000-04:00,2024-05-17T21:30:00.000-04:00,Victoria Street and Dundas Street East,,"TMU Security witnessed a member of the public being punched and soon after the individual fleeing from the area. The member of the public informed security they were also stabbed with an edged object, but declined medical assistance from security. Toronto Paramedic Services and Toronto Police Service were notified and attended.","['The individual was described as female, with a light complexion, approximately 25 to 30 years old and approximately 163 cm (5â\x80\x994â\x80\x9d). They were wearing a red baseball hat, black coat, black jeans, black running shoes and carrying a red bag.']"
34,/content/ryerson/community-safety-security/security-incidents/list-of-security-incidents/2024/05/security-incident-may-23,Assault,2024-05-23T11:22:00.000-04:00,2024-05-15T23:45:00.000-04:00,2024-05-15T21:00:00.000-04:00,Gould Street and Church Street,,A TMU community member reported to TMU Security that an individual attacked and yelled at them. Visible injuries were reported.,"['The individual was described as male, with a dark complexion and approximately 20 to 30 years old. They were wearing a dark hoodie.']"
35,/content/ryerson/community-safety-security/security-incidents/list-of-security-incidents/2024/05/security-incident-may-17,Indecent Act,2024-05-17T13:15:00.000-04:00,2024-05-16T16:00:00.000-04:00,2024-05-16T16:00:00.000-04:00,Victoria Street Lane and Dundas Street East,,TMU Security found an individual masturbating and barred them from campus.,"['The individual was described as male, with a dark complexion, is 26 years old and approximately 175 cm (5â\x80\x999â\x80\x9d). They had short black curly hair and black facial hair. They were wearing a black t-shirt and dark green jeans.']"
36,/content/ryerson/community-safety-security/security-incidents/list-of-security-incidents/2024/05/security-incident-may-15-2,Assault: Suspect Arrested,2024-05-15T18:29:00.000-04:00,2024-05-14T13:45:00.000-04:00,2024-05-14T13:45:00.000-04:00,Gould Street and the Nelson Mandela Walk,,A TMU community member reported to TMU Security that an individual pushed them and threw a water bottle at them. The community member left the area and the individual chased them until the community member came across security. Security intervened and arrested the individual. Toronto Police Service were notified and attended.,"['The individual was described as male, with a dark complexion, approximately 25 to 35 years old and approximately 175 cm (5â\x80\x999â\x80\x9d). They had short black hair and black facial hair. They were wearing a plaid coat, grey hoodie and beige cargo pants.']"
37,/content/ryerson/community-safety-security/security-incidents/list-of-security-incidents/2024/05/security-incident-may-15,Robbery,2024-05-15T13:19:00.000-04:00,2024-05-09T17:15:00.000-04:00,2024-05-09T17:15:00.000-04:00,Gould Street and Church Street,,"A TMU community member reported to TMU Security that an individual grabbed their belongings and asked them what they were going to do about it. The community member left the area and the individual followed them into a nearby building, but left after seeing the community member calling security.  Security attended, but the individual was no longer in the area. The community member declined assistance from Toronto Police Service.","['The individual was described as male, with a dark complexion, approximately 20 to 35 years old and approximately 193 cm (6â\x80\x994â\x80\x9d). They had medium-length hair. They were wearing a green hoodie and blue jeans.']"
38,/content/ryerson/community-safety-security/security-incidents/list-of-security-incidents/2024/05/security-incident-may-6,Indecent Act,2024-05-06T17:22:00.000-04:00,2024-05-05T21:45:00.000-04:00,2024-05-05T21:45:00.000-04:00,Victoria Street Lane and Dundas Street East,,TMU Security found an individual masturbating and barred them from campus.,"['The individual was described as female, with a light complexion, approximately 30 to 35 years old and approximately 160 cm (5â\x80\x993â\x80\x9d). They had medium-length dark brown hair. They were wearing a black coat and black tights.']"
39,/content/ryerson/community-safety-security/security-incidents/list-of-security-incidents/2024/05/security-incident-may-3-2,Assault,2024-05-03T19:33:00.000-04:00,2024-04-30T14:45:00.000-04:00,2024-04-30T14:45:00.000-04:00,Victoria Street and Gould Street,,TMU Security witnessed an individual throwing objects at individuals on campus. Security identified the individual and barred them from campus.Â,"['The individual was described as male, with a light complexion, is 29 years old and approximately 178 cm (5â\x80\x9910â\x80\x9d). They were bald. They were wearing a black hoodie, grey sweatpants and sneakers.Â']"
40,/content/ryerson/community-safety-security/security-incidents/list-of-security-incidents/2024/05/security-incident-may-3,Uttering Threats,2024-05-03T19:32:00.000-04:00,2024-04-30T12:15:00.000-04:00,2024-04-30T12:15:00.000-04:00,Church Street and Gould Street,,"A TMU community member reported to TMU Security that they witnessed an individual threatening passersby. Security attended, identified the individual and barred them from campus.","['The individual was described as male, with a light complexion, is 31 years old and approximately 178 cm (5â\x80\x9910â\x80\x9d). They were wearing a baseball hat, a bandana, red hoodie and blue jeans.']"
41,/content/ryerson/community-safety-security/security-incidents/list-of-security-incidents/2024/04/security-incident-april-30-2,Uttering Threats,2024-04-30T15:36:00.000-04:00,2024-04-30T06:45:13.972-04:00,2024-04-29T20:45:00.000-04:00,Nelson Mandela Walk and Gould Street,,A TMU community member reported to TMU Security that an individual threatened to kick their dog and made inappropriate comments towards them. Toronto Police Service was notified.,"['The individual was described as male with a dark complexion. They were wearing sunglasses, black hoodie and black sweatpants.']"
42,/content/ryerson/community-safety-security/security-incidents/list-of-security-incidents/2024/04/security-incident-april-30,Assault,2024-04-30T15:35:00.000-04:00,2024-04-29T14:00:00.000-04:00,2024-04-29T13:30:00.000-04:00,Church Street and Gerrard Street East,,"A TMU community member reported to TMU Security that an individual punched them and then ran away. Visible injuries were reported, but the community member declined medical assistance. The community member informed security they would notify Toronto Police Service.","['The individual was described as male, with a light complexion, approximately 20 to 35 years old and approximately 178 cm (5â\x80\x9910â\x80\x9d). They had short dark brown hair. They were wearing a black windbreaker, black jeans and black running shoes.']"
43,/content/ryerson/community-safety-security/security-incidents/list-of-security-incidents/2024/04/security-incident-april-25,Criminal Harassment,2024-04-25T13:07:00.000-04:00,2024-04-23T15:45:00.000-04:00,2024-04-23T15:45:00.000-04:00,Balzac’s at the Image Centre,,"A TMU community guest reported to TMU Security that an individual yelled at them and then attempted to engage them in conversation while moving closer towards the community guest. The community guest told them to move back and the individual again yelled, spat on the floor and left. The community guest declined assistance from Toronto Police Service.","['The individual was described as male, with a medium complexion, approximately 20 to 25 years old and approximately 178 cm (5â\x80\x9910â\x80\x9d). They had short black hair and a black full beard. They were wearing a black sweater, black t-shirt, blue jeans and black sneakers.']"
44,/content/ryerson/community-safety-security/security-incidents/list-of-security-incidents/2024/04/security-incident-april-24,Assault,2024-04-24T20:00:00.000-04:00,2024-04-20T13:00:00.000-04:00,2024-04-20T13:00:00.000-04:00,Recreation Athletics Centre,,"A TMU community member reported to TMU Security that an individual assaulted a community guest by grabbing their arm and yelling at them, and then left the area. Visible injuries were reported and medical assistance was declined. The community guest declined assistance from the Toronto Police Service.","['The individual was described as male, with a light complexion, approximately 55 to 70 years old and approximately 183 cm (6â\x80\x99). They had dark brown hair, white facial hair. They were wearing thin-framed eyeglasses.']"
45,/content/ryerson/community-safety-security/security-incidents/list-of-security-incidents/2024/04/security-incident-april-22,Indecent Act,2024-04-22T15:53:00.000-04:00,2024-04-18T13:30:00.000-04:00,2024-04-18T13:30:00.000-04:00,Nelson Mandela Walk and Gould Street,,"A TMU community member reported to TMU Security that they witnessed an individual masturbating. Security attended, identified the individual and barred them from campus.","['The individual was described as male, with a light complexion, is 61 years old and approximately 188 cm (6â\x80\x992â\x80\x9d). They had short salt pepper straight hair. They were wearing a red coat and blue jeans.']"
46,/content/ryerson/community-safety-security/security-incidents/list-of-security-incidents/2024/04/security-incident-april-17,Indecent Act,2024-04-17T21:09:00.000-04:00,2024-04-12T18:15:00.000-04:00,2024-04-12T18:15:00.000-04:00,Gould Street and Church Street,,"A TMU community member reported to TMU Security that they witnessed an individual masturbating. Security attended, identified the individual and barred them from campus.","['The individual was described as gender non-conforming, with a dark complexion and 23 years old. They had medium-length black hair. They were wearing a blue long sleeve shirt, black and white tights and a brown coat covering their legs.']"
47,/content/ryerson/community-safety-security/security-incidents/list-of-security-incidents/2024/04/security-incident-april-15,Robbery,2024-04-15T22:22:00.000-04:00,2024-04-11T12:45:00.000-04:00,2024-04-11T12:15:00.000-04:00,Balzac’s at the School of Image Arts,,A TMU community guest reported to TMU Security that an individual attempted to steal their belongings and when stopped spat them and left the store. The community guest declined assistance from Toronto Police Service.,"['The individual was described as male, with a light complexion, is 40 years old and approximately 173 cm (5â\x80\x998â\x80\x9d). They had medium-length dirty blonde hair and a dark brown goatee. They were wearing a black coat, black hoodie and black sweatpants.']"
48,/content/ryerson/community-safety-security/security-incidents/list-of-security-incidents/2024/04/security-incident-april-10,Indecent Act,2024-04-10T19:00:00.000-04:00,2024-04-04T18:30:00.000-04:00,2024-04-04T18:30:00.000-04:00,Church Street and Dundas Street East,,TMU Security found an individual masturbating and barred them from campus.Â,"['The individual was described as male, with a dark complexion, is 27 years old and approximately 183 cm (6â\x80\x99). They had short black hair. They were wearing a green coat, orange hoodie and beige cargo pants.Â']"
49,/content/ryerson/community-safety-security/security-incidents/list-of-security-incidents/2024/04/security-incident-april-3,Assault,2024-04-03T22:02:00.000-04:00,2024-04-02T13:00:00.000-04:00,2024-03-27T07:30:00.000-04:00,Yonge Street and Dundas Street West,,"A TMU community member reported to TMU Security that an individual asked them a question and they ignored them. The individual then grabbed their arm, pushed them and punched them in the face and then fled from the area. The community member sustained visible injuries. The community member notified Toronto Police Service.","['The individual was described as male, with a light complexion. They had an orange full beard. They were wearing a coat and pants.']"
50,/content/ryerson/community-safety-security/security-incidents/list-of-security-incidents/2024/04/security-incident-april-1,Mischief,2024-04-01T20:31:00.000-04:00,2024-03-26T15:15:00.000-04:00,2024-03-26T15:15:00.000-04:00,Victoria Street and Gould Street,,A member of the public reported to TMU Security that an individual approached them and poured paint on signage the member of the public was displaying and then left. The community member informed security they would notify Toronto Police Service.,"['The individual was described as female, with a light complexion, approximately 30 to 40 years old and approximately 170 cm (5â\x80\x997â\x80\x9d). They were wearing a pink toque, grey coat, green skirt and carrying a backpack.']"
51,/content/ryerson/community-safety-security/security-incidents/list-of-security-incidents/2024/03/security-incident-march-28,Indecent Act,2024-03-28T16:36:00.000-04:00,2024-03-20T16:30:00.000-04:00,2024-03-15T12:00:00.000-04:00,Church Street and Dundas Street East,,A TMU community member reported to TMU Security that they witnessed an individual masturbating and then leaving the area shortly after.,['The individual was described as male with a light complexion. They were wearing a black hoodie and black sweatpants.']
52,/content/ryerson/community-safety-security/security-incidents/list-of-security-incidents/2024/03/security-incident-march-23,Sexual Assault,2024-03-23T12:27:00.000-04:00,2024-03-22T18:45:00.000-04:00,2024-03-22T14:00:00.000-04:00,Sheldon &amp; Tracy Levy Student Learning Centre,,A community member reported to TMU Security that an individual sexually assaulted them and then left the area. The community member declined assistance from Toronto Police Service.,"['The individual was described as male, with a light complexion, and approximately 172 cm (5â\x80\x998â\x80\x9d). They had black facial hair. They were wearing a green coat.']"
53,/content/ryerson/community-safety-security/security-incidents/list-of-security-incidents/2024/03/security-incident-march-19,Other,2024-03-19T11:21:00.000-04:00,2024-03-18T07:00:00.000-04:00,2024-03-13T00:30:00.000-04:00,Dundas Street East and Victoria Street,Toronto Police Service News Release,Toronto Police Service has published a news release regarding a suspected hate-motivated assault with a weapon investigation and are seeking assistance from the community.,['Description div not found.']
54,/content/ryerson/community-safety-security/security-incidents/list-of-security-incidents/2024/03/security-incident-march-12,Criminal Harassment,2024-03-12T17:21:00.000-04:00,2024-03-07T01:00:00.000-05:00,2024-03-07T01:00:00.000-05:00,Gould Street and Mutual Street,,"A TMU community member reported to TMU Security that an individual approached them and started yelling at them and chasing them. The community member entered a nearby TMU building and notified Security. Security attended, identified the individual and barred them from campus. The community member declined assistance from Toronto Police Service.","['The individual was described as male, with a medium complexion and is 33 years old. They had medium-length dark brown wavy hair and a full beard. They were wearing a grey hoodie and dark blue jeans.']"
55,/content/ryerson/community-safety-security/security-incidents/list-of-security-incidents/2024/03/security-incident-march-8,Sexual Assault,2024-03-08T18:12:00.000-05:00,2024-03-05T11:45:00.000-05:00,2024-03-05T11:45:00.000-05:00,Yonge-Dundas Square building,,"A member of the public reported to TMU Security that an individual followed them into a non-TMU building and sexually assaulted them. The member of the public then left the building and was escorted inside a TMU building by a community member. Security attended, but the individual was no longer in the area. Toronto Police Service was notified and attended.","['The individual was described as male, with a dark complexion, approximately 25 to 35 years old and approximately 188 (6â\x80\x992â\x80\x9d). They had black facial hair. They were wearing a blue hat, white t-shirt, dark blue pants, white sneakers and carrying a backpack.']"
56,/content/ryerson/community-safety-security/security-incidents/list-of-security-incidents/2024/03/security-incident-march-4,Sexual Assault: Suspect Arrested,2024-03-04T10:24:00.000-05:00,2024-03-03T11:00:00.000-05:00,2024-03-03T11:00:00.000-05:00,Kerr Hall West,,A TMU community member reported to TMU Security that an individual followed them into a TMU building while making inappropriate comments. The community member reported the incident to TMU Security and the individual fled the area.,"['The individual was described as male, with a light complexion, is 31 years old and approximately 170 (5â\x80\x997â\x80\x9d). They had short brown hair. They were wearing a black winter jacket, grey hoodie and blue jeans. For an image of the individual, please review the March 4, 2024: Toronto Police Service News Release.']"
57,/content/ryerson/community-safety-security/security-incidents/list-of-security-incidents/2024/02/security-incident-february-22,Robbery: Suspect Arrested,2024-02-22T15:42:00.000-05:00,2024-02-20T21:00:00.000-05:00,2024-02-20T21:00:00.000-05:00,Victoria Street and Dundas Street East,,"A member of the public reported to TMU Security that while walking in the area with four other members of the public, three individuals approached them and brandished an edged object and a non-edged object and tried to take their belongings. No visible injuries were reported. Toronto Police Service were notified, attended and arrested the individuals.","['The first individual was described as male with a medium complexion, approximately 30 to 40 years old and approximately 173 cm (5â\x80\x998â\x80\x9d).\xa0 They were wearing a red hoodie and beige sweatpants.', 'The second individual was described as male with a medium complexion and approximately 175 cm (5â\x80\x999â\x80\x9d). They had long light brown hair. They were wearing a black toque, black hoodie, black pants and carrying a backpack.', 'No description available for the third individual.']"
58,/content/ryerson/community-safety-security/security-incidents/list-of-security-incidents/2024/02/security-incident-february-20,Criminal Harassment,2024-02-20T17:29:00.000-05:00,2024-02-14T21:15:00.000-05:00,2024-02-14T21:15:00.000-05:00,Architecture Building,,"A TMU community member reported to TMU Security that they noticed an individual following them and followed them inside the building before the door closed. The community member then ran away and the subject chased them. The community member managed to enter another access card area and close the door behind them and the individual left. Security attended, but the individual had already left campus. The community member declined assistance from the Toronto Police Service.","['The individual was described as male with a light complexion and approximately 180 cm (5â\x80\x9911â\x80\x9d). They had a full beard. They were wearing a multi-coloured toque, a black coat and blue jeans.']"
59,/content/ryerson/community-safety-security/security-incidents/list-of-security-incidents/2024/02/security-incident-february-8-2,Robbery,2024-02-08T20:20:00.000-05:00,2024-02-08T15:30:59.967-05:00,2024-02-08T15:30:50.889-05:00,Ted Rogers School of Management,,"A TMU community member reported to TMU Security that an individual approached them, demanded their belongings, and threatened to stab them. No weapon was seen. The community member refused, and the individual left.  Security attended, but the individual had already left campus. The community member declined assistance from the Toronto Police Service.","['The individual was described as male with a dark complexion and approximately 18 to 25 years old. They were wearing a black hoodie and blue jeans. They were carrying a black backpack with a band-aid on their nose, and their right hand was wrapped with a bandage.']"
60,/content/ryerson/community-safety-security/security-incidents/list-of-security-incidents/2024/02/security-incident-february-8,Indecent Act,2024-02-08T13:13:00.000-05:00,2024-02-07T08:45:00.000-05:00,2024-02-07T08:45:00.000-05:00,Bond Street and Dundas Street East,,A TMU community member reported to TMU Security that an individual was masturbating. Security attended but the individual had already left campus.,"['The individual was described as male, with a light complexion, approximately 40 to 50 years old and approximately 173 cm (5â\x80\x998â\x80\x9d). They had short black hair. They were wearing a black jacket, grey sweatpants and white sneakers.']"
61,/content/ryerson/community-safety-security/security-incidents/list-of-security-incidents/2024/02/security-incident-february-7,Assault,2024-02-07T16:39:00.000-05:00,2024-02-05T08:30:00.000-05:00,2024-02-05T08:30:00.000-05:00,Dundas Street West and Yonge Street,,"A TMU community member reported to TMU Security that an individual approached them from behind and pushed them to the ground and yelled at them. The community got up and left the area. Visible injuries were reported, and security provided medical assistance. The community member declined assistance from Toronto Police Service.",['The individual was described as male with a light complexion and approximately 35 to 40 years old. They had black hair. They were wearing a blue blazer.']
62,/content/ryerson/community-safety-security/security-incidents/list-of-security-incidents/2024/02/security-incident-february-6,Assault,2024-02-06T18:25:00.000-05:00,2024-02-02T22:45:00.000-05:00,2024-02-02T22:45:00.000-05:00,Gould Street and Church Street,,"A TMU community member reported to TMU Security an individual yelled at them and spat towards them, but did not make contact. The individual was then seen leaving campus. The community member declined assistance from Toronto Police Service.","['The individual was described as female with a light complexion, approximately 50 to 55 years old and approximately 157 cm (5â\x80\x992â\x80\x9d). They had white hair. They were wearing a green coat and white sneakers.']"
63,/content/ryerson/community-safety-security/security-incidents/list-of-security-incidents/2024/02/security-incident-february-1,Assault: Suspect Arrested,2024-02-01T15:51:00.000-05:00,2024-01-31T12:30:00.000-05:00,2024-01-30T15:00:00.000-05:00,Yonge Street and Dundas Street West,,Toronto Police Service reported to TMU Security that a TMU community member was approached from behind by an individual and stabbed in the lower body with an edged object. The individual then fled. The community member sustained injuries and was provided medical assistance by Toronto Paramedic Services.,['Description div not found.']
64,/content/ryerson/community-safety-security/security-incidents/list-of-security-incidents/2024/01/security-incident-january-26,Assault: Suspect Arrested,2024-01-26T18:48:00.000-05:00,2024-01-24T21:45:00.000-05:00,2024-01-24T21:45:00.000-05:00,Gould Street and Bond Street,,"A member of the public reported to TMU Security that an individual approached them and punched them in the face. Security attended and barred the individual from campus. While the member of the public was leaving the area, the individual was seen sprinting towards them. Security intervened, and they began yelling at security. Another member of the public attended and attempted to speak with the individual but was punched on the shoulder. Security then arrested the individual. No visible injuries were reported. Toronto Police Service were notified and attended.","['The individual was described as male, with a medium complexion, is 28 years old and approximately 170 cm (5â\x80\x997â\x80\x9d). They had medium-length black hair and a black full beard. They were wearing a grey jacket, beige hoodie, blue jeans and black boots.']"
65,/content/ryerson/community-safety-security/security-incidents/list-of-security-incidents/2024/01/security-incident-january-25-2,Assault,2024-01-25T18:54:00.000-05:00,2024-01-20T21:15:00.000-05:00,2024-01-20T21:15:00.000-05:00,Victoria Street and Dundas Street East,,A member of the public reported to TMU Security that an individual approached them brandishing a non-edged object and threatened to harm them. The member of the public headed into a nearby TMU building while the individual left the area. Toronto Police Service was notified and attended.,"['The individual was described as male. with a light complexion and approximately 173 cm (5â\x80\x998â\x80\x9d). They were wearing a black toque, a black jacket, black pants and black boots.']"
66,/content/ryerson/community-safety-security/security-incidents/list-of-security-incidents/2024/01/security-incident-january-25,Indecent Act,2024-01-25T18:52:00.000-05:00,2024-01-19T23:45:00.000-05:00,2024-01-19T23:45:00.000-05:00,Daphne Cockwell Health Sciences Complex parking lot,,TMU Security found an individual masturbating and identified and barred them from campus.,"['The individual was described as male, with a medium complexion, is 59 years old and approximately 165 cm (5â\x80\x995â\x80\x9d). They had white facial hair. They were wearing a black jacket, grey hoodie and blue jeans.']"
67,/content/ryerson/community-safety-security/security-incidents/list-of-security-incidents/2024/01/security-incident-january-17,Assault,2024-01-17T16:00:00.000-05:00,2024-01-15T17:45:00.000-05:00,2024-01-15T17:45:00.000-05:00,Nelson Mandela Walk and Gerrard Street East,,A TMU community member reported to TMU Security that an individual attempted to enter a TMU building without a OneCard while the community member was leaving. The community member stopped the individual who then punched them in the face and then fled. Visible injuries were reported and security provided medical assistance. Toronto Police Service was notified and attended.,"['The individual was described as male with a medium complexion, approximately 18 to 25 years old and approximately 178 cm (5â\x80\x9910â\x80\x9d). They had medium-length black curly hair and a black goatee. They were wearing glasses, a black coat, black sweater, light blue jeans and black sneakers.']"
